<?xml version="1.0" encoding="UTF-8" standalone="no"?>
<!--This is an example file -->
<PublicationDelivery xmlns="http://www.netex.org.uk/netex" version="ntx:1.1" xmlns:xsi="http://www.w3.org/2001/XMLSchema-instance" xsi:schemaLocation="http://www.netex.org.uk/netex ../../XSD_EPIP/NeTEx_publication_EPIP.xsd">
	<PublicationTimestamp>2021-01-13T13:54:58</PublicationTimestamp>
	<ParticipantRef>LU</ParticipantRef>
	<PublicationRequest>
		<RequestTimestamp>2021-01-13T13:54:58</RequestTimestamp>
		<topics>
			<NetworkFrameTopic>
				<Current/>
				<NetworkFilterByValue>
					<objectReferences>
						<TypeOfFrameRef ref="epip:EU_PI_LINE_OFFER" versionRef="1.0"/>
						<LineRef ref="LU::Line:3011:" version="1610542498"/>
					</objectReferences>
				</NetworkFilterByValue>
			</NetworkFrameTopic>
		</topics>
	</PublicationRequest>
	<dataObjects>
		<CompositeFrame id="LU::CompositeFrame_EU_PI_LINE_OFFER:AVL-AVL-91" version="1610542498">
			<ValidBetween>
				<FromDate>2021-01-13T00:00:00</FromDate>
				<ToDate>2021-02-28T00:00:00</ToDate>
			</ValidBetween>
			<TypeOfFrameRef ref="epip:EU_PI_LINE_OFFER" versionRef="1.0"/>
			<codespaces>
				<Codespace id="epip_data">
					<Xmlns>epd</Xmlns>
					<XmlnsUrl>http://netex-cen.eu/epip_data</XmlnsUrl>
					<Description>EPIP data</Description>
				</Codespace>
				<Codespace id="epip_metadata">
					<Xmlns>epip</Xmlns>
					<XmlnsUrl>http://netex-cen.eu/epip</XmlnsUrl>
					<Description>EPIP metadata</Description>
				</Codespace>
			</codespaces>
			<FrameDefaults>
				<DefaultCodespaceRef ref="epip_data"/>
				<DefaultDataSourceRef ref="epip_data:DataSource:General"/>
				<DefaultResponsibilitySetRef ref="LU::ResponsibilitySet:53:" version="1610542498"/>
				<DefaultLocale>
					<TimeZone>Europe/Berlin</TimeZone>
					<DefaultLanguage>GERMAN</DefaultLanguage>
				</DefaultLocale>
				<DefaultLocationSystem>urn:ogc:def:crs:EPSG::4326</DefaultLocationSystem>
			</FrameDefaults>
			<frames>
				<ResourceFrame id="LU::ResourceFrame_EU_PI_COMMON:AVL-AVL-91" version="1610542498">
					<TypeOfFrameRef ref="epip:EU_PI_COMMON" versionRef="1.0"/>
					<dataSources>
						<DataSource id="epip_data:DataSource:General" version="1610542498">
							<Name>LU</Name>
						</DataSource>
					</dataSources>
					<responsibilitySets>
						<ResponsibilitySet id="LU::ResponsibilitySet:53:" version="1610542498">
							<roles>
								<ResponsibilityRoleAssignment id="LU::ResponsibilityRoleAssignment:53:" version="1610542498">
									<DataRoleType>creates</DataRoleType>
									<ResponsibleOrganisationRef ref="LU::Authority:16:" version="1610542498"/>
								</ResponsibilityRoleAssignment>
							</roles>
						</ResponsibilitySet>
					</responsibilitySets>
					<organisations>
						<Authority id="LU::Authority:16:" version="1610542498">
							<PublicCode>AVL</PublicCode>
							<Name>AVL</Name>
							<ShortName>AVL</ShortName>
							<LegalName>AVL</LegalName>
							<ContactDetails>
								<Email>gleopard@vdl.lu</Email>
								<Phone>4796 3081</Phone>
							</ContactDetails>
							<OrganisationType>authority</OrganisationType>
							<Address id="LU::Address:53:" version="1610542498">
								<Street>Herr Guy Lepoard</Street>
							</Address>
						</Authority>
						<Operator id="LU::Operator:6:" version="1610542498">
							<PublicCode>AVL</PublicCode>
							<Name>Ville de Luxembourg - Service Autobus</Name>
							<ShortName>AVL</ShortName>
							<LegalName>Ville de Luxembourg - Service Autobus</LegalName>
							<ContactDetails/>
							<OrganisationType>operator</OrganisationType>
						</Operator>
						<Authority id="LU::Authority:1:" version="1610542498">
							<PublicCode>CdT</PublicCode>
							<Name>CdT (Master)</Name>
							<ShortName>CdT</ShortName>
							<LegalName>CdT (Master)</LegalName>
							<ContactDetails/>
							<OrganisationType>authority</OrganisationType>
						</Authority>
					</organisations>
				</ResourceFrame>
				<ServiceCalendarFrame id="LU::ServiceCalendarFrame_EU_PI_CALENDAR:AVL-AVL-91" version="1610542498">
					<TypeOfFrameRef ref="epip:EU_PI_CALENDAR" versionRef="1.0"/>
					<ServiceCalendar id="LU::ServiceCalendar:53:" version="1610542498">
						<FromDate>2021-01-13</FromDate>
						<ToDate>2021-02-28</ToDate>
						<dayTypes>
							<DayType id="LU::DayType:66:" version="1610542498"/>
							<DayType id="LU::DayType:67:" version="1610542498"/>
						</dayTypes>
						<operatingPeriods>
							<UicOperatingPeriod id="LU::UicOperatingPeriod:66:" version="1610542498">
								<FromDate>2021-02-01T00:00:00</FromDate>
								<ToDate>2021-02-26T00:00:00</ToDate>
								<ValidDayBits>11111001111100000000011111</ValidDayBits>
							</UicOperatingPeriod>
							<UicOperatingPeriod id="LU::UicOperatingPeriod:67:" version="1610542498">
								<FromDate>2021-01-13T00:00:00</FromDate>
								<ToDate>2021-01-29T00:00:00</ToDate>
								<ValidDayBits>11100111110011111</ValidDayBits>
							</UicOperatingPeriod>
						</operatingPeriods>
						<dayTypeAssignments>
							<DayTypeAssignment id="LU::DayTypeAssignment:66:" order="1" version="1610542498">
								<OperatingPeriodRef ref="LU::UicOperatingPeriod:66:" version="1610542498"/>
								<DayTypeRef ref="LU::DayType:66:" version="1610542498"/>
								<isAvailable>true</isAvailable>
							</DayTypeAssignment>
							<DayTypeAssignment id="LU::DayTypeAssignment:67:" order="2" version="1610542498">
								<OperatingPeriodRef ref="LU::UicOperatingPeriod:67:" version="1610542498"/>
								<DayTypeRef ref="LU::DayType:67:" version="1610542498"/>
								<isAvailable>true</isAvailable>
							</DayTypeAssignment>
						</dayTypeAssignments>
					</ServiceCalendar>
				</ServiceCalendarFrame>
				<ServiceFrame id="LU::ServiceFrame_EU_PI_NETWORK:AVL-AVL-91" version="1610542498">
					<TypeOfFrameRef ref="epip:EU_PI_NETWORK" versionRef="1.0"/>
					<directions>
						<Direction id="LU::Direction:1:" version="1610542498"/>
					</directions>
					<lines>
						<Line id="LU::Line:3011:" version="1610542498">
							<Name>91</Name>
							<ShortName>91</ShortName>
							<TransportMode>bus</TransportMode>
							<PublicCode>91</PublicCode>
							<PrivateCode>91</PrivateCode>
							<AuthorityRef ref="LU::Authority:16:" version="1610542498"/>
							<additionalOperators>
								<OperatorRef ref="LU::Operator:6:" version="1610542498"/>
							</additionalOperators>
							<allowedDirections>
								<AllowedLineDirection id="LU::AllowedLineDirection:58:" version="1610542498">
									<DirectionRef ref="LU::Direction:1:" version="1610542498"/>
								</AllowedLineDirection>
							</allowedDirections>
						</Line>
					</lines>
					<scheduledStopPoints>
						<ScheduledStopPoint id="LU::ScheduledStopPoint:2138047_AVL_:" version="1610542498">
							<Location>
								<Longitude>6.13230428626346</Longitude>
								<Latitude>49.6187952254503</Latitude>
							</Location>
							<ShortName>Pfaffenthal, Halte CFL Quai 2</ShortName>
							<PublicCode>MATH047</PublicCode>
							<StopType>busStation</StopType>
						</ScheduledStopPoint>
						<ScheduledStopPoint id="LU::ScheduledStopPoint:2630066_AVL_:" version="1610542498">
							<Location>
								<Longitude>6.14273071476528</Longitude>
								<Latitude>49.6109924283904</Latitude>
							</Location>
							<ShortName>Kéibierg-INS Quai 1</ShortName>
							<PublicCode>TRÈV066</PublicCode>
							<StopType>busStation</StopType>
						</ScheduledStopPoint>
					</scheduledStopPoints>
					<serviceLinks>
						<ServiceLink id="LU::ServiceLink:41036__7468_:" version="1610542498">
							<FromPointRef ref="LU::ScheduledStopPoint:2630066_AVL_:" version="1610542498"/>
							<ToPointRef ref="LU::ScheduledStopPoint:2138047_AVL_:" version="1610542498"/>
						</ServiceLink>
					</serviceLinks>
					<connections>
						<SiteConnection id="LU::SiteConnection:65:" version="1610542498">
							<WalkTransferDuration>
								<DefaultDuration>PT1M2S</DefaultDuration>
							</WalkTransferDuration>
							<BothWays>true</BothWays>
							<From>
								<StopPlaceRef ref="LU::StopPlace:200423007_CdT:" version="1610542498"/>
								<QuayRef ref="LU::Quay:300015001_CdT:" version="1610542498"/>
							</From>
							<To>
								<StopPlaceRef ref="LU::StopPlace:200423007_CdT:" version="1610542498"/>
								<QuayRef ref="LU::Quay:300015002_CdT:" version="1610542498"/>
							</To>
						</SiteConnection>
					</connections>
					<stopAssignments>
						<PassengerStopAssignment id="LU::PassengerStopAssignment:565:" order="1" version="1610542498">
							<ScheduledStopPointRef ref="LU::ScheduledStopPoint:2138047_AVL_:" version="1610542498"/>
							<StopPlaceRef ref="LU::StopPlace:200423007_CdT:" version="1610542498"/>
						</PassengerStopAssignment>
						<PassengerStopAssignment id="LU::PassengerStopAssignment:566:" order="2" version="1610542498">
							<ScheduledStopPointRef ref="LU::ScheduledStopPoint:2630066_AVL_:" version="1610542498"/>
							<StopPlaceRef ref="LU::StopPlace:200406011_CdT:" version="1610542498"/>
							<QuayRef ref="LU::Quay:200418902_MM_CdT:" version="1610542498"/>
						</PassengerStopAssignment>
					</stopAssignments>
					<journeyPatterns>
						<ServiceJourneyPattern id="LU::ServiceJourneyPattern:358792_0:" version="1610542498">
							<RouteView id="LU::RouteView:358792_1:">
								<LineRef ref="LU::Line:3011:" version="1610542498"/>
							</RouteView>
							<DirectionRef ref="LU::Direction:1:" version="1610542498"/>
							<pointsInSequence>
								<StopPointInJourneyPattern id="LU::StopPointInJourneyPattern:358792_1_0:" order="1" version="1610542498">
									<ScheduledStopPointRef ref="LU::ScheduledStopPoint:2138047_AVL_:" version="1610542498"/>
									<ForAlighting>true</ForAlighting>
									<ForBoarding>true</ForBoarding>
									<ChangeOfDestinationDisplay>false</ChangeOfDestinationDisplay>
									<noticeAssignments>
										<NoticeAssignment id="LU::NoticeAssignment:165:" order="1" version="1610542498">
											<Notice id="LU::Notice:1_80:" version="1610542498">
												<Text lang="de">Behindertengerecht</Text>
												<PublicCode>BEHIN</PublicCode>
											</Notice>
											</NoticeAssignment>
									</noticeAssignments>
								</StopPointInJourneyPattern>
								<StopPointInJourneyPattern id="LU::StopPointInJourneyPattern:358792_1_1:" order="2" version="1610542498">
									<ScheduledStopPointRef ref="LU::ScheduledStopPoint:2630066_AVL_:" version="1610542498"/>
									<ForAlighting>true</ForAlighting>
									<ForBoarding>true</ForBoarding>
									<ChangeOfDestinationDisplay>false</ChangeOfDestinationDisplay>
									<noticeAssignments>
										<NoticeAssignment id="LU::NoticeAssignment:166:" order="1" version="1610542498">
											<Notice id="LU::Notice:2_81:" version="1610542498">
												<Text lang="de">Fahrtart : S</Text>
												<PublicCode>FAHRA</PublicCode>
											</Notice>
										</NoticeAssignment>
									</noticeAssignments>
								</StopPointInJourneyPattern>
							</pointsInSequence>
						</ServiceJourneyPattern>
						<ServiceJourneyPattern id="LU::ServiceJourneyPattern:360428_0:" version="1610542498">
							<RouteView id="LU::RouteView:360428_1:">
								<LineRef ref="LU::Line:3011:" version="1610542498"/>
							</RouteView>
							<DirectionRef ref="LU::Direction:1:" version="1610542498"/>
							<pointsInSequence>
								<StopPointInJourneyPattern id="LU::StopPointInJourneyPattern:360428_1_0:" order="1" version="1610542498">
									<ScheduledStopPointRef ref="LU::ScheduledStopPoint:2138047_AVL_:" version="1610542498"/>
									<ForAlighting>true</ForAlighting>
									<ForBoarding>true</ForBoarding>
									<ChangeOfDestinationDisplay>false</ChangeOfDestinationDisplay>
									<noticeAssignments>
										<NoticeAssignment id="LU::NoticeAssignment:167:" order="1" version="1610542498">
											<NoticeRef ref="LU::Notice:1_80:" version="1610542498"/>
											</NoticeAssignment>								
									</noticeAssignments>
								</StopPointInJourneyPattern>
								<StopPointInJourneyPattern id="LU::StopPointInJourneyPattern:360428_1_1:" order="2" version="1610542498">
									<ScheduledStopPointRef ref="LU::ScheduledStopPoint:2630066_AVL_:" version="1610542498"/>
									<ForAlighting>true</ForAlighting>
									<ForBoarding>true</ForBoarding>
									<ChangeOfDestinationDisplay>false</ChangeOfDestinationDisplay>
									<noticeAssignments>									
										<NoticeAssignment id="LU::NoticeAssignment:168:" order="1" version="1610542498">
											<NoticeRef ref="LU::Notice:2_81:" version="1610542498"/>
										</NoticeAssignment>
									</noticeAssignments>
								</StopPointInJourneyPattern>
							</pointsInSequence>
						</ServiceJourneyPattern>
					</journeyPatterns>
				</ServiceFrame>
				<SiteFrame id="LU::SiteFrame_EU_PI_STOP:AVL-AVL-91" version="1610542498">
					<TypeOfFrameRef ref="epip:EU_PI_STOP" versionRef="1.0"/>
					<topographicPlaces>
						<TopographicPlace id="LU::TopographicPlace:61:" version="1610542498">
							<Name>LUXEMBOURG</Name>
							<IsoCode>054</IsoCode>
							<Descriptor>
								<Name>LUXEMBOURG</Name>
							</Descriptor>
						</TopographicPlace>
					</topographicPlaces>
					<groupsOfStopPlaces>
						<GroupOfStopPlaces id="LU::GroupOfStopPlaces:41093:" version="1610542498">
							<members>
								<StopPlaceRef ref="LU::StopPlace:200423007_CdT:" version="1610542498"/>
							</members>
						</GroupOfStopPlaces>
					</groupsOfStopPlaces>
					<stopPlaces>
						<StopPlace id="LU::StopPlace:200423007_CdT:" version="1610542498">
							<Name>Pfaffenthal, Halte CFL</Name>
							<Centroid>
								<Location>
									<Longitude>1.99731463755901</Longitude>
									<Latitude>49.9349382826201</Latitude>
								</Location>
							</Centroid>
							<TopographicPlaceRef ref="LU::TopographicPlace:61:" version="1610542498">LUXEMBOURG</TopographicPlaceRef>
							<Locale>
								<TimeZone>Europe/Berlin</TimeZone>
							</Locale>
							<AuthorityRef ref="LU::Authority:1:" version="1610542498"/>
							<levels>
								<Level id="LU::Level:333_0:" version="1610542498">
									<ShortName>0</ShortName>
								</Level>
							</levels>
							<StopPlaceType>other</StopPlaceType>
							<quays>
								<Quay id="LU::Quay:300015001_CdT:" version="1610542498">
									<Name>Pfaffenthal, Halte CFL</Name>
									<Centroid>
										<Location>
											<Longitude>1.99737060890353</Longitude>
											<Latitude>49.9351163102611</Latitude>
										</Location>
									</Centroid>
									<alternativeNames>
										<AlternativeName>
											<Lang>de</Lang>
											<Name>zur Haltestelle Pfaffenthal, Halte CFL</Name>
										</AlternativeName>
										<AlternativeName>
											<Lang>en</Lang>
											<Name>to the stop Pfaffenthal, Halte CFL</Name>
										</AlternativeName>
										<AlternativeName>
											<Lang>fr</Lang>
											<Name>vers l’arrêt Pfaffenthal, Halte CFL</Name>
										</AlternativeName>
									</alternativeNames>
									<LevelRef ref="LU::Level:333_0:" version="1610542498"/>
								</Quay>
								<Quay id="LU::Quay:300015002_CdT:" version="1610542498">
									<Name>Pfaffenthal, Halte CFL</Name>
									<Centroid>
										<Location>
											<Longitude>1.99728448579216</Longitude>
											<Latitude>49.9348085098679</Latitude>
										</Location>
									</Centroid>
									<alternativeNames>
										<AlternativeName>
											<Lang>de</Lang>
											<Name>zur Haltestelle Pfaffenthal, Halte CFL</Name>
										</AlternativeName>
										<AlternativeName>
											<Lang>en</Lang>
											<Name>to the stop Pfaffenthal, Halte CFL</Name>
										</AlternativeName>
										<AlternativeName>
											<Lang>fr</Lang>
											<Name>vers l’arrêt Pfaffenthal, Halte CFL</Name>
										</AlternativeName>
									</alternativeNames>
									<LevelRef ref="LU::Level:333_0:" version="1610542498"/>
								</Quay>
							</quays>
						</StopPlace>
						<StopPlace id="LU::StopPlace:200406011_CdT:" version="1610542498">
							<Name>Cents, Kéibierg-I.N.S.</Name>
							<Centroid>
								<Location>
									<Longitude>2.00260777613949</Longitude>
									<Latitude>49.9289940198165</Latitude>
								</Location>
							</Centroid>
							<alternativeNames>
								<AlternativeName>
									<Name>Zens, Kéibierg-I.N.S</Name>
								</AlternativeName>
							</alternativeNames>
							<TopographicPlaceRef ref="LU::TopographicPlace:61:" version="1610542498">LUXEMBOURG</TopographicPlaceRef>
							<Locale>
								<TimeZone>Europe/Berlin</TimeZone>
							</Locale>
							<AuthorityRef ref="LU::Authority:1:" version="1610542498"/>
							<StopPlaceType>other</StopPlaceType>
							<quays>
								<Quay id="LU::Quay:200418902_MM_CdT:" version="1610542498">
									<Name>Cents, Kéibierg-I.N.S.</Name>
									<Centroid>
										<Location>
											<Longitude>2.00234581704941</Longitude>
											<Latitude>49.9288572155868</Latitude>
										</Location>
									</Centroid>
								</Quay>
							</quays>
						</StopPlace>
					</stopPlaces>
				</SiteFrame>
				<TimetableFrame id="LU::TimetableFrame_EU_PI_TIMETABLE:AVL-AVL-91" version="1610542498">
					<TypeOfFrameRef ref="epip:EU_PI_TIMETABLE" versionRef="1.0"/>
					<vehicleJourneys>
						<ServiceJourney id="LU::ServiceJourney:9899150:" version="1610542498">
							<TransportMode>bus</TransportMode>
							<DepartureTime>07:53:00</DepartureTime>
							<JourneyDuration>PT6M</JourneyDuration>
							<dayTypes>
								<DayTypeRef ref="LU::DayType:66:" version="1610542498"/>
							</dayTypes>
							<ServiceJourneyPatternRef ref="LU::ServiceJourneyPattern:358792_0:" version="1610542498"/>
							<VehicleTypeRef ref="LU::VehicleType:228:" version="1610542498"/>
							<passingTimes>
								<TimetabledPassingTime id="LU::TimetabledPassingTime:2439:" version="1610542498">
									<StopPointInJourneyPatternRef ref="LU::StopPointInJourneyPattern:358792_1_0:" version="1610542498"/>
									<DepartureTime>07:53:00</DepartureTime>
								</TimetabledPassingTime>
								<TimetabledPassingTime id="LU::TimetabledPassingTime:2440:" version="1610542498">
									<StopPointInJourneyPatternRef ref="LU::StopPointInJourneyPattern:358792_1_1:" version="1610542498"/>
									<ArrivalTime>07:59:00</ArrivalTime>
								</TimetabledPassingTime>
							</passingTimes>
						</ServiceJourney>
						<ServiceJourney id="LU::ServiceJourney:10004256:" version="1610542498">
							<TransportMode>bus</TransportMode>
							<DepartureTime>07:53:00</DepartureTime>
							<JourneyDuration>PT6M</JourneyDuration>
							<dayTypes>
								<DayTypeRef ref="LU::DayType:67:" version="1610542498"/>
							</dayTypes>
							<ServiceJourneyPatternRef ref="LU::ServiceJourneyPattern:360428_0:" version="1610542498"/>
							<VehicleTypeRef ref="LU::VehicleType:228:" version="1610542498"/>
							<passingTimes>
								<TimetabledPassingTime id="LU::TimetabledPassingTime:2441:" version="1610542498">
									<StopPointInJourneyPatternRef ref="LU::StopPointInJourneyPattern:360428_1_0:" version="1610542498"/>
									<DepartureTime>07:53:00</DepartureTime>
								</TimetabledPassingTime>
								<TimetabledPassingTime id="LU::TimetabledPassingTime:2442:" version="1610542498">
									<StopPointInJourneyPatternRef ref="LU::StopPointInJourneyPattern:360428_1_1:" version="1610542498"/>
									<ArrivalTime>07:59:00</ArrivalTime>
								</TimetabledPassingTime>
							</passingTimes>
						</ServiceJourney>
					</vehicleJourneys>
					<vehicleTypes>
						<VehicleType id="LU::VehicleType:228:" version="1610542498">
							<Name>Standardbus VDL (AVL)</Name>
						</VehicleType>
					</vehicleTypes>
				</TimetableFrame>
			</frames>
		</CompositeFrame>
	</dataObjects>
</PublicationDelivery>